event_type,event_type_slug,instrumented_commit,instrumented_pr,instrumented_date,retired_commit,retired_pr,retired_date,last_code_change_date,updated_at
10 DLC Compliance - PIN Verification Completed,10_dlc_compliance_pin_verification_completed,ecf326d35c1db1bd0af368b87a335b47286e8716,1049,2025-10-06,,,,2025-10-06,2026-06-25T01:35:48
10 DLC Compliance - Registration Submitted,10_dlc_compliance_registration_submitted,ecf326d35c1db1bd0af368b87a335b47286e8716,1049,2025-10-06,fd74078f7caa3d32df9f6d362ab5d18d10340452,1970,2026-06-05,2026-06-05,2026-06-25T01:35:48
AI Assistant - Chat History: Click delete,ai_assistant_chat_history_click_delete,1170c2777b41a1baf9f50650655aa705fdf7bbb3,,2025-02-26,,,,2025-02-26,2026-06-25T01:35:48
AI Assistant - Chat History: Click menu,ai_assistant_chat_history_click_menu,1170c2777b41a1baf9f50650655aa705fdf7bbb3,,2025-02-26,,,,2025-02-26,2026-06-25T01:35:48
AI Assistant - Chat: Click copy,ai_assistant_chat_click_copy,1170c2777b41a1baf9f50650655aa705fdf7bbb3,,2025-02-26,,,,2025-02-26,2026-06-25T01:35:48
AI Assistant - Chat: Click regenerate,ai_assistant_chat_click_regenerate,1170c2777b41a1baf9f50650655aa705fdf7bbb3,,2025-02-26,,,,2025-02-26,2026-06-25T01:35:48
AI Assistant - Chat: Click thumbs down,ai_assistant_chat_click_thumbs_down,1170c2777b41a1baf9f50650655aa705fdf7bbb3,,2025-02-26,,,,2025-02-26,2026-06-25T01:35:48
AI Assistant - Chat: Click thumbs up,ai_assistant_chat_click_thumbs_up,1170c2777b41a1baf9f50650655aa705fdf7bbb3,,2025-02-26,,,,2025-02-26,2026-06-25T01:35:48
AI Assistant - Response Completed,ai_assistant_response_completed,3ca192ba46e2cb82bcf8e84ee0ebce7fe856793a,171,2026-06-16,,,,2026-06-16,2026-06-25T01:35:48
AI Assistant: Ask a question,ai_assistant_ask_a_question,1170c2777b41a1baf9f50650655aa705fdf7bbb3,,2025-02-26,,,,2025-02-26,2026-06-25T01:35:48
AI Assistant: Click new chat,ai_assistant_click_new_chat,1170c2777b41a1baf9f50650655aa705fdf7bbb3,,2025-02-26,,,,2025-02-26,2026-06-25T01:35:48
AI Assistant: Click view chat history,ai_assistant_click_view_chat_history,1170c2777b41a1baf9f50650655aa705fdf7bbb3,,2025-02-26,,,,2025-02-26,2026-06-25T01:35:48
Account - Password Reset Completed,account_password_reset_completed,b03a053aa73e223181f07083df44be9d819bfc7f,710,2025-06-23,,,,2025-06-23,2026-06-25T01:35:48
Account - Password Reset Requested,account_password_reset_requested,b03a053aa73e223181f07083df44be9d819bfc7f,710,2025-06-23,,,,2025-06-27,2026-06-25T01:35:48
Account - Password Set Completed,account_password_set_completed,2fc365543df992198d512fbe2d6053a6d38a1aa7,888,2025-08-18,,,,2025-08-18,2026-06-25T01:35:48
Account - Pro Subscription Canceled,account_pro_subscription_canceled,a91befe9f1d10ad7c1319b0066b2f2a8035d8d70,920,2025-09-17,,,,2025-09-17,2026-06-25T01:35:48
Account - Pro Subscription Confirmed,account_pro_subscription_confirmed,ac3e04fb428f001d0ab7bcc471c5c85ef726e2b5,319,2025-06-27,,,,2025-06-27,2026-06-25T01:35:48
Account - User Deleted,account_user_deleted,9582a5844f58fb5a53304f8a8dfef0ef25ffb532,1487,2026-04-20,,,,2026-04-20,2026-06-25T01:35:48
Briefing Assistant - Agenda Created,briefing_assistant_agenda_created,acb9d347d9513d1aa6f49c97e9fbb14f6d581b28,1676,2026-05-28,,,,2026-05-28,2026-06-25T01:35:48
Briefing Assistant - Agenda Not Created,briefing_assistant_agenda_not_created,5b8b5d6d70a84b9178fc66152cda021a6b4a1c03,30,2026-06-09,,,,2026-06-09,2026-06-25T01:35:48
Briefing Assistant - Agenda Submission Failed,briefing_assistant_agenda_submission_failed,c339b19dec1b846127f34a99f0c6cf406e42a982,30,2026-06-09,,,,2026-06-09,2026-06-25T01:35:48
Briefing Assistant - Agenda Submitted,briefing_assistant_agenda_submitted,c339b19dec1b846127f34a99f0c6cf406e42a982,30,2026-06-09,,,,2026-06-09,2026-06-25T01:35:48
Briefing Assistant - Briefing Viewed,briefing_assistant_briefing_viewed,ac4612dcdd10e768290c04d2f3c5f9511b9d64ad,1892,2026-05-28,,,,2026-05-28,2026-06-25T01:35:48
Briefing Assistant - Dictation Started,briefing_assistant_dictation_started,ac4612dcdd10e768290c04d2f3c5f9511b9d64ad,1892,2026-05-28,,,,2026-05-28,2026-06-25T01:35:48
Briefing Assistant - Download Clicked,briefing_assistant_download_clicked,ac4612dcdd10e768290c04d2f3c5f9511b9d64ad,1892,2026-05-28,,,,2026-05-28,2026-06-25T01:35:48
Briefing Assistant - Feedback Completed,briefing_assistant_feedback_completed,ac4612dcdd10e768290c04d2f3c5f9511b9d64ad,1892,2026-05-28,,,,2026-05-28,2026-06-25T01:35:48
Briefing Assistant - List Viewed,briefing_assistant_list_viewed,ac4612dcdd10e768290c04d2f3c5f9511b9d64ad,1892,2026-05-28,,,,2026-05-28,2026-06-25T01:35:48
Briefing Assistant - Share Completed,briefing_assistant_share_completed,ac4612dcdd10e768290c04d2f3c5f9511b9d64ad,1892,2026-05-28,,,,2026-05-28,2026-06-25T01:35:48
Briefing Assistant - Share Drawer Opened,briefing_assistant_share_drawer_opened,ac4612dcdd10e768290c04d2f3c5f9511b9d64ad,1892,2026-05-28,,,,2026-05-28,2026-06-25T01:35:48
Briefing Assistant - Sources Expanded,briefing_assistant_sources_expanded,ac4612dcdd10e768290c04d2f3c5f9511b9d64ad,1892,2026-05-28,,,,2026-05-28,2026-06-25T01:35:48
Briefing Assistant - TOC Item Clicked,briefing_assistant_toc_item_clicked,ac4612dcdd10e768290c04d2f3c5f9511b9d64ad,1892,2026-05-28,,,,2026-05-28,2026-06-25T01:35:48
Briefings - Briefing Viewed,briefings_briefing_viewed,78fc2e5a4d266437bd11d674cc5a10c5c841a44d,1683,2026-04-09,ac4612dcdd10e768290c04d2f3c5f9511b9d64ad,1892,2026-05-28,2026-05-28,2026-06-25T01:35:48
Briefings - Click Download,briefings_click_download,78fc2e5a4d266437bd11d674cc5a10c5c841a44d,1683,2026-04-09,ac4612dcdd10e768290c04d2f3c5f9511b9d64ad,1892,2026-05-28,2026-05-28,2026-06-25T01:35:48
Briefings - Click Read Full Briefing,briefings_click_read_full_briefing,78fc2e5a4d266437bd11d674cc5a10c5c841a44d,1683,2026-04-09,ac4612dcdd10e768290c04d2f3c5f9511b9d64ad,1892,2026-05-28,2026-05-28,2026-06-25T01:35:48
Briefings - Feedback: Helpful,briefings_feedback_helpful,78fc2e5a4d266437bd11d674cc5a10c5c841a44d,1683,2026-04-09,ac4612dcdd10e768290c04d2f3c5f9511b9d64ad,1892,2026-05-28,2026-05-28,2026-06-25T01:35:48
Briefings - Feedback: Not Helpful,briefings_feedback_not_helpful,78fc2e5a4d266437bd11d674cc5a10c5c841a44d,1683,2026-04-09,ac4612dcdd10e768290c04d2f3c5f9511b9d64ad,1892,2026-05-28,2026-05-28,2026-06-25T01:35:48
Briefings - Issue Detail Viewed,briefings_issue_detail_viewed,78fc2e5a4d266437bd11d674cc5a10c5c841a44d,1683,2026-04-09,ac4612dcdd10e768290c04d2f3c5f9511b9d64ad,1892,2026-05-28,2026-05-28,2026-06-25T01:35:48
Campaign - Follow-On Created,campaign_follow_on_created,d55fa245190deb34c93bd32b863b7c776bbff190,152,2026-06-15,,,,2026-06-15,2026-06-25T01:35:48
Campaign Plan - Weekly Tasks Digest,campaign_plan_weekly_tasks_digest,61d552cc6974dfbb0696f8aad51563686e07e814,1472,2026-04-21,,,,2026-04-21,2026-06-25T01:35:48
Campaign Plan V2 - Community Events Generation Completed,campaign_plan_v2_community_events_generation_completed,e1baf36df65d4f548f05b1ce39753ac57f886b57,1774,2026-06-08,,,,2026-06-08,2026-06-25T01:35:48
Campaign Plan V2 - Community Events Generation Started,campaign_plan_v2_community_events_generation_started,e1baf36df65d4f548f05b1ce39753ac57f886b57,1774,2026-06-08,,,,2026-06-08,2026-06-25T01:35:48
Campaign Plan V2 - Media Generation Completed,campaign_plan_v2_media_generation_completed,e1baf36df65d4f548f05b1ce39753ac57f886b57,1774,2026-06-08,,,,2026-06-08,2026-06-25T01:35:48
Campaign Plan V2 - Media Generation Started,campaign_plan_v2_media_generation_started,e1baf36df65d4f548f05b1ce39753ac57f886b57,1774,2026-06-08,,,,2026-06-08,2026-06-25T01:35:48
Campaign Plan V2 - Opportunities & Challenges Generation Completed,campaign_plan_v2_opportunities_challenges_generation_completed,e1baf36df65d4f548f05b1ce39753ac57f886b57,1774,2026-06-08,,,,2026-06-08,2026-06-25T01:35:48
Campaign Plan V2 - Opportunities & Challenges Generation Started,campaign_plan_v2_opportunities_challenges_generation_started,e1baf36df65d4f548f05b1ce39753ac57f886b57,1774,2026-06-08,,,,2026-06-08,2026-06-25T01:35:48
Campaign Plan V2 - Opposition Research Generation Completed,campaign_plan_v2_opposition_research_generation_completed,e1baf36df65d4f548f05b1ce39753ac57f886b57,1774,2026-06-08,,,,2026-06-08,2026-06-25T01:35:48
Campaign Plan V2 - Opposition Research Generation Started,campaign_plan_v2_opposition_research_generation_started,e1baf36df65d4f548f05b1ce39753ac57f886b57,1774,2026-06-08,,,,2026-06-08,2026-06-25T01:35:48
Campaign Plan V2 - Strategy Race Changed,campaign_plan_v2_strategy_race_changed,f920787b11cffc31ae84b70f9b148a89f9431466,104,2026-06-12,,,,2026-06-12,2026-06-25T01:35:48
Campaign Story - Rewrite Accepted,campaign_story_rewrite_accepted,3cc0a94448eed49c31647c436402f1f160113182,233,2026-06-18,,,,2026-06-18,2026-06-25T01:35:48
Campaign Story - Rewrite Discarded,campaign_story_rewrite_discarded,3cc0a94448eed49c31647c436402f1f160113182,233,2026-06-18,,,,2026-06-18,2026-06-25T01:35:48
Campaign Story - Rewrite Requested,campaign_story_rewrite_requested,3cc0a94448eed49c31647c436402f1f160113182,233,2026-06-18,,,,2026-06-18,2026-06-25T01:35:48
Campaign Verify Token Status Update,campaign_verify_token_status_update,362c9b448065c166e4f742836d508cafc825054b,593,2025-10-07,,,,2025-10-07,2026-06-25T01:35:48
Candidacy - Campaign Completed,candidacy_campaign_completed,a91befe9f1d10ad7c1319b0066b2f2a8035d8d70,920,2025-09-17,,,,2025-09-17,2026-06-25T01:35:48
Candidacy - Debrief Clicked,candidacy_debrief_clicked,3ca192ba46e2cb82bcf8e84ee0ebce7fe856793a,171,2026-06-16,,,,2026-06-16,2026-06-25T01:35:48
Candidacy - Did You Win Modal Completed,candidacy_did_you_win_modal_completed,20a7ac0f8561471fa493aab7be2b3a8cd0c014de,1103,2025-10-30,,,,2025-10-30,2026-06-25T01:35:48
Candidacy - Did You Win Modal Viewed,candidacy_did_you_win_modal_viewed,20a7ac0f8561471fa493aab7be2b3a8cd0c014de,1103,2025-10-30,,,,2025-10-30,2026-06-25T01:35:48
Candidate Website - Continued,candidate_website_continued,b036da272037bd58ede583cfe854a0fa515b20d0,788,2025-07-24,,,,2025-07-24,2026-06-25T01:35:48
Candidate Website - Edited,candidate_website_edited,b036da272037bd58ede583cfe854a0fa515b20d0,788,2025-07-24,,,,2025-07-24,2026-06-25T01:35:48
Candidate Website - Published,candidate_website_published,b036da272037bd58ede583cfe854a0fa515b20d0,788,2025-07-24,,,,2026-03-09,2026-06-25T01:35:48
Candidate Website - Purchased domain,candidate_website_purchased_domain,b036da272037bd58ede583cfe854a0fa515b20d0,788,2025-07-24,,,,2026-03-09,2026-06-25T01:35:48
Candidate Website - Selected domain,candidate_website_selected_domain,b036da272037bd58ede583cfe854a0fa515b20d0,788,2025-07-24,,,,2025-07-24,2026-06-25T01:35:48
Candidate Website - Started,candidate_website_started,b036da272037bd58ede583cfe854a0fa515b20d0,788,2025-07-24,,,,2025-07-24,2026-06-25T01:35:48
Candidate Website - Started domain selection,candidate_website_started_domain_selection,b036da272037bd58ede583cfe854a0fa515b20d0,788,2025-07-24,,,,2025-07-24,2026-06-25T01:35:48
Candidate Website - Unpublished,candidate_website_unpublished,b036da272037bd58ede583cfe854a0fa515b20d0,788,2025-07-24,,,,2025-07-24,2026-06-25T01:35:48
Click to Call CTA Clicked,click_to_call_cta_clicked,,,,,,,,2026-06-25T01:35:48
Click to Call CTA Viewed,click_to_call_cta_viewed,,,,,,,,2026-06-25T01:35:48
Click to Call Phone Submitted,click_to_call_phone_submitted,,,,,,,,2026-06-25T01:35:48
Contacts - Column Edited,contacts_column_edited,e54c02097e3c70880d05b8a7479f7889f87cdd99,958,2025-09-14,,,,2025-09-14,2026-06-25T01:35:48
Contacts - Contacts Viewed,contacts_contacts_viewed,89f97d0c41382d4c48e72db3ffe591be4694d12a,194,2026-06-17,,,,2026-06-17,2026-06-25T01:35:48
Contacts - Download,contacts_download,e54c02097e3c70880d05b8a7479f7889f87cdd99,958,2025-09-14,,,,2025-09-14,2026-06-25T01:35:48
Contacts - Segment Created,contacts_segment_created,e54c02097e3c70880d05b8a7479f7889f87cdd99,958,2025-09-14,,,,2025-09-14,2026-06-25T01:35:48
Contacts - Segment Deleted,contacts_segment_deleted,e54c02097e3c70880d05b8a7479f7889f87cdd99,958,2025-09-14,,,,2025-09-14,2026-06-25T01:35:48
Contacts - Segment Updated,contacts_segment_updated,e54c02097e3c70880d05b8a7479f7889f87cdd99,958,2025-09-14,,,,2025-09-14,2026-06-25T01:35:48
Contacts - Segment Viewed,contacts_segment_viewed,e54c02097e3c70880d05b8a7479f7889f87cdd99,958,2025-09-14,,,,2025-09-14,2026-06-25T01:35:48
Content Builder - Editor: Click Copy,content_builder_editor_click_copy,1170c2777b41a1baf9f50650655aa705fdf7bbb3,,2025-02-26,,,,2025-02-26,2026-06-25T01:35:48
Content Builder - Editor: Click Delete,content_builder_editor_click_delete,1170c2777b41a1baf9f50650655aa705fdf7bbb3,,2025-02-26,,,,2025-02-26,2026-06-25T01:35:48
Content Builder - Editor: Click Regenerate,content_builder_editor_click_regenerate,1170c2777b41a1baf9f50650655aa705fdf7bbb3,,2025-02-26,,,,2025-02-26,2026-06-25T01:35:48
Content Builder - Editor: Click Rename,content_builder_editor_click_rename,1170c2777b41a1baf9f50650655aa705fdf7bbb3,,2025-02-26,,,,2025-02-26,2026-06-25T01:35:48
Content Builder - Editor: Click Translate,content_builder_editor_click_translate,1170c2777b41a1baf9f50650655aa705fdf7bbb3,,2025-02-26,,,,2025-02-26,2026-06-25T01:35:48
Content Builder - Editor: Open Kebab Menu,content_builder_editor_open_kebab_menu,1170c2777b41a1baf9f50650655aa705fdf7bbb3,,2025-02-26,,,,2025-02-26,2026-06-25T01:35:48
Content Builder - Editor: Open Version Picker,content_builder_editor_open_version_picker,1170c2777b41a1baf9f50650655aa705fdf7bbb3,,2025-02-26,,,,2025-02-26,2026-06-25T01:35:48
Content Builder - Editor: Select Version,content_builder_editor_select_version,1170c2777b41a1baf9f50650655aa705fdf7bbb3,,2025-02-26,,,,2025-02-26,2026-06-25T01:35:48
Content Builder - Editor: Submit Regenerate,content_builder_editor_submit_regenerate,1170c2777b41a1baf9f50650655aa705fdf7bbb3,,2025-02-26,,,,2025-02-26,2026-06-25T01:35:48
Content Builder - Editor: Submit Translate,content_builder_editor_submit_translate,1170c2777b41a1baf9f50650655aa705fdf7bbb3,,2025-02-26,,,,2025-02-26,2026-06-25T01:35:48
Content Builder: Click Content,content_builder_click_content,1170c2777b41a1baf9f50650655aa705fdf7bbb3,,2025-02-26,,,,2025-02-26,2026-06-25T01:35:48
Content Builder: Click Continue Questions,content_builder_click_continue_questions,1170c2777b41a1baf9f50650655aa705fdf7bbb3,,2025-02-26,,,,2025-02-26,2026-06-25T01:35:48
Content Builder: Click Generate,content_builder_click_generate,1170c2777b41a1baf9f50650655aa705fdf7bbb3,,2025-02-26,,,,2025-02-26,2026-06-25T01:35:48
Content Builder: Close Additional Inputs,content_builder_close_additional_inputs,1170c2777b41a1baf9f50650655aa705fdf7bbb3,,2025-02-26,,,,2025-02-26,2026-06-25T01:35:48
Content Builder: Generation Completed,content_builder_generation_completed,3968af2dffa446ff83c6625da709ebb45c5ef31e,,2025-02-26,,,,2025-02-26,2026-06-25T01:35:48
Content Builder: Generation Started,content_builder_generation_started,a52bc1af5ee58f5b2492165ff4d973a76cf4db8b,457,2025-08-19,,,,2025-08-19,2026-06-25T01:35:48
Content Builder: Select Template,content_builder_select_template,1170c2777b41a1baf9f50650655aa705fdf7bbb3,,2025-02-26,,,,2025-02-26,2026-06-25T01:35:48
Content Builder: Submit Additional Inputs,content_builder_submit_additional_inputs,1170c2777b41a1baf9f50650655aa705fdf7bbb3,,2025-02-26,,,,2025-02-26,2026-06-25T01:35:48
Custom Voter file created,custom_voter_file_created,93fabd843cdc5e60795b99327819517c76426f3a,,2024-06-07,,,,2024-06-07,2026-06-25T01:35:48
Daily Ad Metrics,daily_ad_metrics,,,,,,,,2026-06-25T01:35:48
Dashboard - Campaign Plan Generation Completed,dashboard_campaign_plan_generation_completed,f428f0fcfe56bfbf293ead4ed896393bd2a7bb15,,2026-04-01,,,,2026-04-01,2026-06-25T01:35:48
Dashboard - Campaign Plan Task CTA Clicked,dashboard_campaign_plan_task_cta_clicked,f428f0fcfe56bfbf293ead4ed896393bd2a7bb15,,2026-04-01,,,,2026-04-01,2026-06-25T01:35:48
Dashboard - Campaign Plan View Mode Toggled,dashboard_campaign_plan_view_mode_toggled,99a9be2e39794c5d3eaeb2b897be4eea422ecc92,1720,2026-04-17,,,,2026-04-17,2026-06-25T01:35:48
Dashboard - Campaign Plan Viewed,dashboard_campaign_plan_viewed,f428f0fcfe56bfbf293ead4ed896393bd2a7bb15,,2026-04-01,,,,2026-04-01,2026-06-25T01:35:48
Dashboard - Campaign Plan Week Navigated,dashboard_campaign_plan_week_navigated,f428f0fcfe56bfbf293ead4ed896393bd2a7bb15,,2026-04-01,,,,2026-04-01,2026-06-25T01:35:48
Dashboard - Campaign Plan: Campaign Manager Clicked,dashboard_campaign_plan_campaign_manager_clicked,cf6bb487eb93a12b82b9ed9191693db58f3810f4,54,2026-06-10,,,,2026-06-10,2026-06-25T01:35:48
Dashboard - Campaign Plan: Community Events Displayed,dashboard_campaign_plan_community_events_displayed,cf6bb487eb93a12b82b9ed9191693db58f3810f4,54,2026-06-10,,,,2026-06-10,2026-06-25T01:35:48
Dashboard - Campaign Plan: Community Events Requested,dashboard_campaign_plan_community_events_requested,cf6bb487eb93a12b82b9ed9191693db58f3810f4,54,2026-06-10,,,,2026-06-10,2026-06-25T01:35:48
Dashboard - Campaign Plan: Community Events Results Received,dashboard_campaign_plan_community_events_results_received,cf6bb487eb93a12b82b9ed9191693db58f3810f4,54,2026-06-10,,,,2026-06-10,2026-06-25T01:35:48
Dashboard - Campaign Plan: Media Displayed,dashboard_campaign_plan_media_displayed,cf6bb487eb93a12b82b9ed9191693db58f3810f4,54,2026-06-10,,,,2026-06-10,2026-06-25T01:35:48
Dashboard - Campaign Plan: Media Requested,dashboard_campaign_plan_media_requested,cf6bb487eb93a12b82b9ed9191693db58f3810f4,54,2026-06-10,,,,2026-06-10,2026-06-25T01:35:48
Dashboard - Campaign Plan: Media Results Received,dashboard_campaign_plan_media_results_received,cf6bb487eb93a12b82b9ed9191693db58f3810f4,54,2026-06-10,,,,2026-06-10,2026-06-25T01:35:48
Dashboard - Campaign Plan: Plan Downloaded,dashboard_campaign_plan_plan_downloaded,cf6bb487eb93a12b82b9ed9191693db58f3810f4,54,2026-06-10,,,,2026-06-10,2026-06-25T01:35:48
Dashboard - Campaign Plan: Strategic Landscape Displayed,dashboard_campaign_plan_strategic_landscape_displayed,cf6bb487eb93a12b82b9ed9191693db58f3810f4,54,2026-06-10,,,,2026-06-10,2026-06-25T01:35:48
Dashboard - Campaign Plan: Strategic Landscape Requested,dashboard_campaign_plan_strategic_landscape_requested,cf6bb487eb93a12b82b9ed9191693db58f3810f4,54,2026-06-10,,,,2026-06-10,2026-06-25T01:35:48
Dashboard - Campaign Plan: Strategic Landscape Results Received,dashboard_campaign_plan_strategic_landscape_results_received,cf6bb487eb93a12b82b9ed9191693db58f3810f4,54,2026-06-10,,,,2026-06-10,2026-06-25T01:35:48
Dashboard - Campaign Task Status Updated,dashboard_campaign_task_status_updated,f428f0fcfe56bfbf293ead4ed896393bd2a7bb15,,2026-04-01,,,,2026-04-01,2026-06-25T01:35:48
Dashboard - Candidate Dashboard Viewed,dashboard_candidate_dashboard_viewed,703131cfff639170bd836b12c6d00c13e1fc1432,708,2025-06-18,,,,2025-06-18,2026-06-25T01:35:48
Dashboard - Path to Victory: Exit Understand Path to Victory,dashboard_path_to_victory_exit_understand_path_to_victory,1170c2777b41a1baf9f50650655aa705fdf7bbb3,,2025-02-26,,,,2025-02-26,2026-06-25T01:35:48
Download Voter File Failure,download_voter_file_failure,66519ef3b964345000414bc3cb8b3e1b71e1e8fd,,2024-07-10,,,,2024-08-30,2026-06-25T01:35:48
Download Voter File Success,download_voter_file_success,66519ef3b964345000414bc3cb8b3e1b71e1e8fd,,2024-07-10,,,,2024-08-30,2026-06-25T01:35:48
Download Voter File attempt,download_voter_file_attempt,66519ef3b964345000414bc3cb8b3e1b71e1e8fd,,2024-07-10,,,,2024-08-30,2026-06-25T01:35:48
Experiment Viewed,experiment_viewed,,,,,,,,2026-06-25T01:35:48
Invalid Party,invalid_party,f4290f167ee16aaaed0299d64c48ae8a3452eeb3,,2024-06-13,85954771b6d545e35af77bf5ca3ae86e9cbdb80d,1790,2026-05-05,2026-05-05,2026-06-25T01:35:48
Navigation - Dashboard: Click AI Assistant,navigation_dashboard_click_ai_assistant,1170c2777b41a1baf9f50650655aa705fdf7bbb3,,2025-02-26,,,,2025-02-26,2026-06-25T01:35:48
Navigation - Dashboard: Click Briefings,navigation_dashboard_click_briefings,78fc2e5a4d266437bd11d674cc5a10c5c841a44d,1683,2026-04-09,,,,2026-04-09,2026-06-25T01:35:48
Navigation - Dashboard: Click Campaign Plan,navigation_dashboard_click_campaign_plan,cf6bb487eb93a12b82b9ed9191693db58f3810f4,54,2026-06-10,,,,2026-06-10,2026-06-25T01:35:48
Navigation - Dashboard: Click Community,navigation_dashboard_click_community,ab19165b23e99ec39c1dbe8feef281ba6d1bc284,576,2025-04-03,,,,2025-04-03,2026-06-25T01:35:48
Navigation - Dashboard: Click Contacts,navigation_dashboard_click_contacts,b54392a3217e2e427dc5c39f86b98d70a94289c0,938,2025-09-04,,,,2025-09-04,2026-06-25T01:35:48
Navigation - Dashboard: Click Content Builder,navigation_dashboard_click_content_builder,1170c2777b41a1baf9f50650655aa705fdf7bbb3,,2025-02-26,,,,2025-02-26,2026-06-25T01:35:48
Navigation - Dashboard: Click Dashboard,navigation_dashboard_click_dashboard,1170c2777b41a1baf9f50650655aa705fdf7bbb3,,2025-02-26,,,,2025-02-26,2026-06-25T01:35:48
Navigation - Dashboard: Click Door Knocking,navigation_dashboard_click_door_knocking,27bef878da7c3238d22d65e27e4b37afee213ed7,522,2025-03-09,,,,2025-03-09,2026-06-25T01:35:48
Navigation - Dashboard: Click Free Resources,navigation_dashboard_click_free_resources,1170c2777b41a1baf9f50650655aa705fdf7bbb3,,2025-02-26,4e16c164e0a629ba6c5ea08b302c880de1df2b5c,1040,2025-10-14,2025-10-14,2026-06-25T01:35:48
Navigation - Dashboard: Click Issues,navigation_dashboard_click_issues,d4a6c5feef4c178a4619e51f79c3090c9191e7dd,733,2025-07-01,,,,2025-07-01,2026-06-25T01:35:48
Navigation - Dashboard: Click My Profile,navigation_dashboard_click_my_profile,1170c2777b41a1baf9f50650655aa705fdf7bbb3,,2025-02-26,,,,2025-02-26,2026-06-25T01:35:48
Navigation - Dashboard: Click Polls,navigation_dashboard_click_polls,405a687410467f5dc4b89616f282135384a421e8,,2025-10-08,,,,2025-10-08,2026-06-25T01:35:48
Navigation - Dashboard: Click Resources,navigation_dashboard_click_resources,4e16c164e0a629ba6c5ea08b302c880de1df2b5c,1040,2025-10-14,3f6a11a2d717831603f3640b481d6ce9ca6c6698,1459,2026-02-23,2026-02-23,2026-06-25T01:35:48
Navigation - Dashboard: Click Text Messaging,navigation_dashboard_click_text_messaging,fdf692bfb6171d2436153dff317c995684c94770,,2025-03-22,70a5c952c7fc6b985b062d1b7d9ceb8707bc7dd5,923,2025-08-27,2025-08-27,2026-06-25T01:35:48
Navigation - Dashboard: Click Voter Data,navigation_dashboard_click_voter_data,1170c2777b41a1baf9f50650655aa705fdf7bbb3,,2025-02-26,,,,2025-02-26,2026-06-25T01:35:48
Navigation - Dashboard: Click Voter Outreach,navigation_dashboard_click_voter_outreach,2a9e9929d18f38be852ff8233c76f644cfc6bff6,900,2025-08-20,,,,2025-08-20,2026-06-25T01:35:48
Navigation - Dashboard: Click Website,navigation_dashboard_click_website,9b740f9d306dba90477c9d2860876585bce07ea4,,2025-06-19,,,,2025-06-19,2026-06-25T01:35:48
Navigation - Top - Avatar Dropdown: Close Dropdown,navigation_top_avatar_dropdown_close_dropdown,1170c2777b41a1baf9f50650655aa705fdf7bbb3,,2025-02-26,,,,2025-02-26,2026-06-25T01:35:48
Navigation - Top: Click Avatar Dropdown,navigation_top_click_avatar_dropdown,1170c2777b41a1baf9f50650655aa705fdf7bbb3,,2025-02-26,,,,2025-02-26,2026-06-25T01:35:48
Navigation - Top: Click Logo,navigation_top_click_logo,1170c2777b41a1baf9f50650655aa705fdf7bbb3,,2025-02-26,,,,2025-02-26,2026-06-25T01:35:48
Navigation Top - Avatar Dropdown: Click Logout,navigation_top_avatar_dropdown_click_logout,1170c2777b41a1baf9f50650655aa705fdf7bbb3,,2025-02-26,,,,2025-02-26,2026-06-25T01:35:48
Navigation Top - Avatar Dropdown: Click Profile,navigation_top_avatar_dropdown_click_profile,a747931b6d3aa7b74f3b331bf53c423d81b641ad,1524,2026-04-16,,,,2026-04-16,2026-06-25T01:35:48
Navigation Top - Avatar Dropdown: Click Settings,navigation_top_avatar_dropdown_click_settings,1170c2777b41a1baf9f50650655aa705fdf7bbb3,,2025-02-26,,,,2025-02-26,2026-06-25T01:35:48
Onboarding - Ballot Status Completed,onboarding_ballot_status_completed,37bdbd6185ef7e74127482d6f2c69943a0fc2bfc,1790,2026-05-05,,,,2026-05-05,2026-06-25T01:35:48
Onboarding - Candidate Affiliation Completed,onboarding_candidate_affiliation_completed,a91befe9f1d10ad7c1319b0066b2f2a8035d8d70,920,2025-09-17,,,,2025-09-17,2026-06-25T01:35:48
Onboarding - Candidate Office Completed,onboarding_candidate_office_completed,b03a053aa73e223181f07083df44be9d819bfc7f,710,2025-06-23,,,,2025-06-23,2026-06-25T01:35:48
Onboarding - Candidate Office Searched,onboarding_candidate_office_searched,b03a053aa73e223181f07083df44be9d819bfc7f,710,2025-06-23,,,,2025-06-23,2026-06-25T01:35:48
Onboarding - Candidate Pledge Completed,onboarding_candidate_pledge_completed,a91befe9f1d10ad7c1319b0066b2f2a8035d8d70,920,2025-09-17,,,,2025-09-17,2026-06-25T01:35:48
Onboarding - Complete Step: Click Go to Dashboard,onboarding_complete_step_click_go_to_dashboard,1170c2777b41a1baf9f50650655aa705fdf7bbb3,,2025-02-26,,,,2025-02-26,2026-06-25T01:35:48
Onboarding - Know Your Voters Completed,onboarding_know_your_voters_completed,712fb71051988420909b538f89ea4da4703c1b8b,1804,2026-05-07,,,,2026-05-07,2026-06-25T01:35:48
Onboarding - Office Selection Completed,onboarding_office_selection_completed,37bdbd6185ef7e74127482d6f2c69943a0fc2bfc,1790,2026-05-05,,,,2026-05-05,2026-06-25T01:35:48
Onboarding - Office Step: Click Can't See Office,onboarding_office_step_click_cant_see_office,1170c2777b41a1baf9f50650655aa705fdf7bbb3,,2025-02-26,,,,2025-02-26,2026-06-25T01:35:48
Onboarding - Office Step: Click Next,onboarding_office_step_click_next,1170c2777b41a1baf9f50650655aa705fdf7bbb3,,2025-02-26,,,,2025-02-26,2026-06-25T01:35:48
Onboarding - Office Step: Office Selected,onboarding_office_step_office_selected,1170c2777b41a1baf9f50650655aa705fdf7bbb3,,2025-02-26,,,,2025-02-26,2026-06-25T01:35:48
Onboarding - Party Selection Completed,onboarding_party_selection_completed,37bdbd6185ef7e74127482d6f2c69943a0fc2bfc,1790,2026-05-05,,,,2026-05-05,2026-06-25T01:35:48
Onboarding - Party Step: Click Submit,onboarding_party_step_click_submit,1170c2777b41a1baf9f50650655aa705fdf7bbb3,,2025-02-26,,,,2025-02-26,2026-06-25T01:35:48
Onboarding - Path To Victory Completed,onboarding_path_to_victory_completed,37bdbd6185ef7e74127482d6f2c69943a0fc2bfc,1790,2026-05-05,,,,2026-05-05,2026-06-25T01:35:48
Onboarding - Path To Victory Errored,onboarding_path_to_victory_errored,37bdbd6185ef7e74127482d6f2c69943a0fc2bfc,1790,2026-05-05,,,,2026-05-05,2026-06-25T01:35:48
Onboarding - Path To Victory Updated,onboarding_path_to_victory_updated,37bdbd6185ef7e74127482d6f2c69943a0fc2bfc,1790,2026-05-05,,,,2026-05-05,2026-06-25T01:35:48
Onboarding - Pledge Completed,onboarding_pledge_completed,37bdbd6185ef7e74127482d6f2c69943a0fc2bfc,1790,2026-05-05,,,,2026-05-05,2026-06-25T01:35:48
Onboarding - Pledge Step: Click Ask a Question,onboarding_pledge_step_click_ask_a_question,1170c2777b41a1baf9f50650655aa705fdf7bbb3,,2025-02-26,,,,2025-02-26,2026-06-25T01:35:48
Onboarding - Pledge Step: Click Submit,onboarding_pledge_step_click_submit,1170c2777b41a1baf9f50650655aa705fdf7bbb3,,2025-02-26,,,,2025-02-26,2026-06-25T01:35:48
Onboarding - Registration Completed,onboarding_registration_completed,703131cfff639170bd836b12c6d00c13e1fc1432,708,2025-06-18,,,,2025-06-18,2026-06-25T01:35:48
Onboarding - User Created,onboarding_user_created,ac3e04fb428f001d0ab7bcc471c5c85ef726e2b5,319,2025-06-27,,,,2025-06-27,2026-06-25T01:35:48
Onboarding - Welcome Completed,onboarding_welcome_completed,85954771b6d545e35af77bf5ca3ae86e9cbdb80d,1790,2026-05-05,,,,2026-05-05,2026-06-25T01:35:48
Onboarding V2 - Ballot Status Completed,onboarding_v2_ballot_status_completed,7168448e9bf8ec252d9ad7ed5068bfff62d6769a,2002,2026-06-08,,,,2026-06-08,2026-06-25T01:35:48
Onboarding V2 - Ballot Status Viewed,onboarding_v2_ballot_status_viewed,7168448e9bf8ec252d9ad7ed5068bfff62d6769a,2002,2026-06-08,,,,2026-06-08,2026-06-25T01:35:48
Onboarding V2 - Campaign Manager Clicked,onboarding_v2_campaign_manager_clicked,7168448e9bf8ec252d9ad7ed5068bfff62d6769a,2002,2026-06-08,,,,2026-06-08,2026-06-25T01:35:48
Onboarding V2 - Community Events Displayed,onboarding_v2_community_events_displayed,7168448e9bf8ec252d9ad7ed5068bfff62d6769a,2002,2026-06-08,,,,2026-06-08,2026-06-25T01:35:48
Onboarding V2 - Community Events Requested,onboarding_v2_community_events_requested,7168448e9bf8ec252d9ad7ed5068bfff62d6769a,2002,2026-06-08,,,,2026-06-08,2026-06-25T01:35:48
Onboarding V2 - Community Events Results Received,onboarding_v2_community_events_results_received,7168448e9bf8ec252d9ad7ed5068bfff62d6769a,2002,2026-06-08,,,,2026-06-08,2026-06-25T01:35:48
Onboarding V2 - Media Displayed,onboarding_v2_media_displayed,7168448e9bf8ec252d9ad7ed5068bfff62d6769a,2002,2026-06-08,,,,2026-06-08,2026-06-25T01:35:48
Onboarding V2 - Media Requested,onboarding_v2_media_requested,7168448e9bf8ec252d9ad7ed5068bfff62d6769a,2002,2026-06-08,,,,2026-06-08,2026-06-25T01:35:48
Onboarding V2 - Media Results Received,onboarding_v2_media_results_received,7168448e9bf8ec252d9ad7ed5068bfff62d6769a,2002,2026-06-08,,,,2026-06-08,2026-06-25T01:35:48
Onboarding V2 - New Campaign Context Completed,onboarding_v2_new_campaign_context_completed,9cd8b68a5e50b3eec249595ea4d927de286b9680,151,2026-06-15,,,,2026-06-15,2026-06-25T01:35:48
Onboarding V2 - New Campaign Context Viewed,onboarding_v2_new_campaign_context_viewed,9cd8b68a5e50b3eec249595ea4d927de286b9680,151,2026-06-15,,,,2026-06-15,2026-06-25T01:35:48
Onboarding V2 - Office Completed,onboarding_v2_office_completed,7168448e9bf8ec252d9ad7ed5068bfff62d6769a,2002,2026-06-08,,,,2026-06-08,2026-06-25T01:35:48
Onboarding V2 - Office Next Clicked,onboarding_v2_office_next_clicked,649d14e2bcffef78ea08c0063c0905fe3369dc4a,22,2026-06-09,,,,2026-06-09,2026-06-25T01:35:48
Onboarding V2 - Office Viewed,onboarding_v2_office_viewed,7168448e9bf8ec252d9ad7ed5068bfff62d6769a,2002,2026-06-08,,,,2026-06-08,2026-06-25T01:35:48
Onboarding V2 - Party Designation Blocked,onboarding_v2_party_designation_blocked,7168448e9bf8ec252d9ad7ed5068bfff62d6769a,2002,2026-06-08,,,,2026-06-08,2026-06-25T01:35:48
Onboarding V2 - Party Designation Completed,onboarding_v2_party_designation_completed,7168448e9bf8ec252d9ad7ed5068bfff62d6769a,2002,2026-06-08,,,,2026-06-08,2026-06-25T01:35:48
Onboarding V2 - Party Designation Viewed,onboarding_v2_party_designation_viewed,7168448e9bf8ec252d9ad7ed5068bfff62d6769a,2002,2026-06-08,,,,2026-06-08,2026-06-25T01:35:48
Onboarding V2 - Plan Downloaded,onboarding_v2_plan_downloaded,7168448e9bf8ec252d9ad7ed5068bfff62d6769a,2002,2026-06-08,,,,2026-06-08,2026-06-25T01:35:48
Onboarding V2 - Plan Shared,onboarding_v2_plan_shared,3ca192ba46e2cb82bcf8e84ee0ebce7fe856793a,171,2026-06-16,,,,2026-06-16,2026-06-25T01:35:48
Onboarding V2 - Pledge Completed,onboarding_v2_pledge_completed,7168448e9bf8ec252d9ad7ed5068bfff62d6769a,2002,2026-06-08,,,,2026-06-08,2026-06-25T01:35:48
Onboarding V2 - Pledge Submit Clicked,onboarding_v2_pledge_submit_clicked,649d14e2bcffef78ea08c0063c0905fe3369dc4a,22,2026-06-09,,,,2026-06-09,2026-06-25T01:35:48
Onboarding V2 - Pledge Viewed,onboarding_v2_pledge_viewed,7168448e9bf8ec252d9ad7ed5068bfff62d6769a,2002,2026-06-08,,,,2026-06-08,2026-06-25T01:35:48
Onboarding V2 - Resources Completed,onboarding_v2_resources_completed,7168448e9bf8ec252d9ad7ed5068bfff62d6769a,2002,2026-06-08,,,,2026-06-08,2026-06-25T01:35:48
Onboarding V2 - Resources Viewed,onboarding_v2_resources_viewed,7168448e9bf8ec252d9ad7ed5068bfff62d6769a,2002,2026-06-08,,,,2026-06-08,2026-06-25T01:35:48
Onboarding V2 - Strategic Landscape Displayed,onboarding_v2_strategic_landscape_displayed,7168448e9bf8ec252d9ad7ed5068bfff62d6769a,2002,2026-06-08,,,,2026-06-08,2026-06-25T01:35:48
Onboarding V2 - Strategic Landscape Requested,onboarding_v2_strategic_landscape_requested,7168448e9bf8ec252d9ad7ed5068bfff62d6769a,2002,2026-06-08,,,,2026-06-08,2026-06-25T01:35:48
Onboarding V2 - Strategic Landscape Results Received,onboarding_v2_strategic_landscape_results_received,7168448e9bf8ec252d9ad7ed5068bfff62d6769a,2002,2026-06-08,,,,2026-06-08,2026-06-25T01:35:48
Onboarding V2 - Voter Insights Completed,onboarding_v2_voter_insights_completed,7168448e9bf8ec252d9ad7ed5068bfff62d6769a,2002,2026-06-08,,,,2026-06-08,2026-06-25T01:35:48
Onboarding V2 - Voter Insights Viewed,onboarding_v2_voter_insights_viewed,7168448e9bf8ec252d9ad7ed5068bfff62d6769a,2002,2026-06-08,,,,2026-06-08,2026-06-25T01:35:48
Onboarding V2 - Votes Needed Calculated,onboarding_v2_votes_needed_calculated,649d14e2bcffef78ea08c0063c0905fe3369dc4a,22,2026-06-09,,,,2026-06-09,2026-06-25T01:35:48
Onboarding V2 - Votes Needed Completed,onboarding_v2_votes_needed_completed,7168448e9bf8ec252d9ad7ed5068bfff62d6769a,2002,2026-06-08,,,,2026-06-08,2026-06-25T01:35:48
Onboarding V2 - Votes Needed Failed,onboarding_v2_votes_needed_failed,649d14e2bcffef78ea08c0063c0905fe3369dc4a,22,2026-06-09,,,,2026-06-09,2026-06-25T01:35:48
Onboarding V2 - Votes Needed Viewed,onboarding_v2_votes_needed_viewed,7168448e9bf8ec252d9ad7ed5068bfff62d6769a,2002,2026-06-08,,,,2026-06-08,2026-06-25T01:35:48
Onboarding V2 - Welcome Completed,onboarding_v2_welcome_completed,7168448e9bf8ec252d9ad7ed5068bfff62d6769a,2002,2026-06-08,,,,2026-06-10,2026-06-25T01:35:48
Onboarding V2 - Welcome Viewed,onboarding_v2_welcome_viewed,7168448e9bf8ec252d9ad7ed5068bfff62d6769a,2002,2026-06-08,,,,2026-06-10,2026-06-25T01:35:48
Onboarding: Click Finish Later,onboarding_click_finish_later,1170c2777b41a1baf9f50650655aa705fdf7bbb3,,2025-02-26,,,,2025-02-26,2026-06-25T01:35:48
Org Switcher - Organization Switched,org_switcher_organization_switched,7d6668ba391fe68eb744fd6f98f4fdcf4377a295,151,2026-06-15,,,,2026-06-15,2026-06-25T01:35:48
Org Switcher - Run For Office Clicked,org_switcher_run_for_office_clicked,7d6668ba391fe68eb744fd6f98f4fdcf4377a295,151,2026-06-15,,,,2026-06-15,2026-06-25T01:35:48
Outreach - Action Clicked,outreach_action_clicked,334568cc8a740eadaa6578acb4699e660b18437f,743,2025-07-03,,,,2025-07-03,2026-06-25T01:35:48
Outreach - Click Create,outreach_click_create,334568cc8a740eadaa6578acb4699e660b18437f,743,2025-07-03,,,,2025-07-03,2026-06-25T01:35:48
Outreach - Door Knocking: Complete,outreach_door_knocking_complete,334568cc8a740eadaa6578acb4699e660b18437f,743,2025-07-03,,,,2025-07-03,2026-06-25T01:35:48
Outreach - Phone Banking: Complete,outreach_phone_banking_complete,334568cc8a740eadaa6578acb4699e660b18437f,743,2025-07-03,,,,2025-07-03,2026-06-25T01:35:48
Outreach - Social Media: Complete,outreach_social_media_complete,334568cc8a740eadaa6578acb4699e660b18437f,743,2025-07-03,,,,2025-07-03,2026-06-25T01:35:48
Outreach - View Accessed,outreach_view_accessed,334568cc8a740eadaa6578acb4699e660b18437f,743,2025-07-03,,,,2025-07-03,2026-06-25T01:35:48
P2P Upgrade - Modal: Click Button,p2p_upgrade_modal_click_button,2b9f22689ccc9e29678a4482de65a62db2e1d322,946,2025-09-09,,,,2025-09-09,2026-06-25T01:35:48
P2P Upgrade - Modal: Exit,p2p_upgrade_modal_exit,2b9f22689ccc9e29678a4482de65a62db2e1d322,946,2025-09-09,,,,2025-09-09,2026-06-25T01:35:48
P2P Upgrade - Modal: Modal Shown,p2p_upgrade_modal_modal_shown,2b9f22689ccc9e29678a4482de65a62db2e1d322,946,2025-09-09,,,,2025-09-09,2026-06-25T01:35:48
Page,page,,,,,,,,2026-06-25T01:35:48
Page Viewed,page_viewed,,,,,,,,2026-06-25T01:35:48
Payment - Completed,payment_completed,25a465774e01692e3283ad7eb15abc7452d75fc5,1113,2025-11-04,,,,2026-02-08,2026-06-25T01:35:48
Payment - Review and Pay Screen Viewed,payment_review_and_pay_screen_viewed,25a465774e01692e3283ad7eb15abc7452d75fc5,1113,2025-11-04,,,,2025-11-04,2026-06-25T01:35:48
Payment - Schedule and Pay Viewed,payment_schedule_and_pay_viewed,446ad6a04274cf3799c0d7cd0347e596cb313a49,1230,2025-12-10,,,,2026-02-08,2026-06-25T01:35:48
Poll - Results Synthesis Complete,poll_results_synthesis_complete,8293df56527c17f0fa9e42c99caf625438dd7242,636,2025-10-13,,,,2025-10-15,2026-06-25T01:35:48
Polls - Add Image Completed,polls_add_image_completed,446ad6a04274cf3799c0d7cd0347e596cb313a49,1230,2025-12-10,,,,2026-02-08,2026-06-25T01:35:48
Polls - Add Image Viewed,polls_add_image_viewed,446ad6a04274cf3799c0d7cd0347e596cb313a49,1230,2025-12-10,,,,2026-02-08,2026-06-25T01:35:48
Polls - Audience Selection Completed,polls_audience_selection_completed,446ad6a04274cf3799c0d7cd0347e596cb313a49,1230,2025-12-10,,,,2026-02-08,2026-06-25T01:35:48
Polls - Audience Selection Viewed,polls_audience_selection_viewed,446ad6a04274cf3799c0d7cd0347e596cb313a49,1230,2025-12-10,,,,2026-02-08,2026-06-25T01:35:48
Polls - Create Poll Clicked,polls_create_poll_clicked,446ad6a04274cf3799c0d7cd0347e596cb313a49,1230,2025-12-10,,,,2026-02-08,2026-06-25T01:35:48
Polls - Expand Poll Recommendations Completed,polls_expand_poll_recommendations_completed,25a465774e01692e3283ad7eb15abc7452d75fc5,1113,2025-11-04,,,,2025-11-04,2026-06-25T01:35:48
Polls - Expand Poll Recommendations Viewed,polls_expand_poll_recommendations_viewed,25a465774e01692e3283ad7eb15abc7452d75fc5,1113,2025-11-04,,,,2025-11-04,2026-06-25T01:35:48
Polls - Expand Poll Review Viewed,polls_expand_poll_review_viewed,25a465774e01692e3283ad7eb15abc7452d75fc5,1113,2025-11-04,,,,2025-11-04,2026-06-25T01:35:48
Polls - Low Confidence Modal Clicked,polls_low_confidence_modal_clicked,907174177b76b62992ff33439ebcd8b1d59d5e0a,1382,2026-03-09,,,,2026-03-09,2026-06-25T01:35:48
Polls - Poll Bias Detection Shown,polls_poll_bias_detection_shown,446ad6a04274cf3799c0d7cd0347e596cb313a49,1230,2025-12-10,,,,2026-02-08,2026-06-25T01:35:48
Polls - Poll Preview Completed,polls_poll_preview_completed,446ad6a04274cf3799c0d7cd0347e596cb313a49,1230,2025-12-10,,,,2026-02-08,2026-06-25T01:35:48
Polls - Poll Preview Viewed,polls_poll_preview_viewed,446ad6a04274cf3799c0d7cd0347e596cb313a49,1230,2025-12-10,,,,2026-02-08,2026-06-25T01:35:48
Polls - Poll Question Completed,polls_poll_question_completed,446ad6a04274cf3799c0d7cd0347e596cb313a49,1230,2025-12-10,,,,2026-02-08,2026-06-25T01:35:48
Polls - Poll Question Optimized,polls_poll_question_optimized,446ad6a04274cf3799c0d7cd0347e596cb313a49,1230,2025-12-10,,,,2026-02-08,2026-06-25T01:35:48
Polls - Poll Question Viewed,polls_poll_question_viewed,446ad6a04274cf3799c0d7cd0347e596cb313a49,1230,2025-12-10,,,,2026-02-08,2026-06-25T01:35:48
Polls - Poll Results Issue Details Viewed,polls_poll_results_issue_details_viewed,24d9f8f48bfc6f173af3257d28bb7c35fc2d5c0f,1135,2025-11-11,,,,2025-11-11,2026-06-25T01:35:48
Polls - Poll Results Overview Viewed,polls_poll_results_overview_viewed,24d9f8f48bfc6f173af3257d28bb7c35fc2d5c0f,1135,2025-11-11,,,,2025-11-11,2026-06-25T01:35:48
Polls - Schedule Poll Completed,polls_schedule_poll_completed,446ad6a04274cf3799c0d7cd0347e596cb313a49,1230,2025-12-10,,,,2026-02-08,2026-06-25T01:35:48
Polls - Schedule Poll Viewed,polls_schedule_poll_viewed,446ad6a04274cf3799c0d7cd0347e596cb313a49,1230,2025-12-10,,,,2026-02-08,2026-06-25T01:35:48
Pro Upgrade - Banner Viewed,pro_upgrade_banner_viewed,54770c93280dd2e2b0febcaa23ac3d73028287f7,2001,2026-06-08,,,,2026-06-08,2026-06-25T01:35:48
Pro Upgrade - Banner: Click Get Pro,pro_upgrade_banner_click_get_pro,54770c93280dd2e2b0febcaa23ac3d73028287f7,2001,2026-06-08,,,,2026-06-08,2026-06-25T01:35:48
Pro Upgrade - Candidate Profile Submitted,pro_upgrade_candidate_profile_submitted,fd74078f7caa3d32df9f6d362ab5d18d10340452,1970,2026-06-05,,,,2026-06-05,2026-06-25T01:35:48
Pro Upgrade - Candidate Profile Viewed,pro_upgrade_candidate_profile_viewed,001203d930501b41ed0b51c7a3551620d2ede502,1939,2026-06-03,,,,2026-06-03,2026-06-25T01:35:48
Pro Upgrade - Committee Check Page: Click Upload,pro_upgrade_committee_check_page_click_upload,1170c2777b41a1baf9f50650655aa705fdf7bbb3,,2025-02-26,,,,2025-02-26,2026-06-25T01:35:48
Pro Upgrade - Committee Check Page: Click back,pro_upgrade_committee_check_page_click_back,1170c2777b41a1baf9f50650655aa705fdf7bbb3,,2025-02-26,,,,2025-02-26,2026-06-25T01:35:48
Pro Upgrade - Committee Check Page: Click next,pro_upgrade_committee_check_page_click_next,1170c2777b41a1baf9f50650655aa705fdf7bbb3,,2025-02-26,,,,2025-02-26,2026-06-25T01:35:48
"Pro Upgrade - Committee Check Page: Hover ""EIN number"" help",pro_upgrade_committee_check_page_hover_ein_number_help,1c56e4c5094fa0dfdbbfe55fbaf0e43a2ca9e475,1132,2025-11-11,,,,2025-11-11,2026-06-25T01:35:48
"Pro Upgrade - Committee Check Page: Hover ""Name of Campaign Committee"" help",pro_upgrade_committee_check_page_hover_name_of_campaign_committee_help,1c56e4c5094fa0dfdbbfe55fbaf0e43a2ca9e475,1132,2025-11-11,,,,2025-11-11,2026-06-25T01:35:48
"Pro Upgrade - Committee Check Page: Hover ""Upload"" help",pro_upgrade_committee_check_page_hover_upload_help,1c56e4c5094fa0dfdbbfe55fbaf0e43a2ca9e475,1132,2025-11-11,,,,2025-11-11,2026-06-25T01:35:48
Pro Upgrade - Committee Check Page: Hover “EIN number” help,pro_upgrade_committee_check_page_hover_ein_number_help,1170c2777b41a1baf9f50650655aa705fdf7bbb3,,2025-02-26,1c56e4c5094fa0dfdbbfe55fbaf0e43a2ca9e475,1132,2025-11-11,2025-11-11,2026-06-25T01:35:48
Pro Upgrade - Committee Check Page: Hover “Name of Campaign Committee” help,pro_upgrade_committee_check_page_hover_name_of_campaign_committee_help,1170c2777b41a1baf9f50650655aa705fdf7bbb3,,2025-02-26,1c56e4c5094fa0dfdbbfe55fbaf0e43a2ca9e475,1132,2025-11-11,2025-11-11,2026-06-25T01:35:48
Pro Upgrade - Committee Check Page: Hover “Upload” help,pro_upgrade_committee_check_page_hover_upload_help,1170c2777b41a1baf9f50650655aa705fdf7bbb3,,2025-02-26,1c56e4c5094fa0dfdbbfe55fbaf0e43a2ca9e475,1132,2025-11-11,2025-11-11,2026-06-25T01:35:48
Pro Upgrade - Committee Check Page: Toggle EIN requirement,pro_upgrade_committee_check_page_toggle_ein_requirement,1170c2777b41a1baf9f50650655aa705fdf7bbb3,,2025-02-26,,,,2025-02-26,2026-06-25T01:35:48
Pro Upgrade - EIN Viewed,pro_upgrade_ein_viewed,c1183769c51e92e8e7177d09c9604c083f3b8454,1987,2026-06-07,,,,2026-06-07,2026-06-25T01:35:48
Pro Upgrade - EIN: Click continue,pro_upgrade_ein_click_continue,c1183769c51e92e8e7177d09c9604c083f3b8454,1987,2026-06-07,,,,2026-06-07,2026-06-25T01:35:48
Pro Upgrade - EIN: Hover help,pro_upgrade_ein_hover_help,0b66488415b7ecbcf217d96901a9a5c15ad50b0c,1987,2026-06-07,,,,2026-06-07,2026-06-25T01:35:48
Pro Upgrade - Filing Details Submitted,pro_upgrade_filing_details_submitted,fd74078f7caa3d32df9f6d362ab5d18d10340452,1970,2026-06-05,,,,2026-06-05,2026-06-25T01:35:48
Pro Upgrade - Filing Details Viewed,pro_upgrade_filing_details_viewed,001203d930501b41ed0b51c7a3551620d2ede502,1939,2026-06-03,,,,2026-06-03,2026-06-25T01:35:48
Pro Upgrade - Filing Instructions Viewed,pro_upgrade_filing_instructions_viewed,ecd2a35fadc270c7d5c4b5234ec6223962991f2a,1985,2026-06-07,,,,2026-06-07,2026-06-25T01:35:48
Pro Upgrade - Filing Instructions: Click continue to dashboard,pro_upgrade_filing_instructions_click_continue_to_dashboard,ecd2a35fadc270c7d5c4b5234ec6223962991f2a,1985,2026-06-07,,,,2026-06-07,2026-06-25T01:35:48
Pro Upgrade - Filing Instructions: Click email this to me,pro_upgrade_filing_instructions_click_email_this_to_me,ecd2a35fadc270c7d5c4b5234ec6223962991f2a,1985,2026-06-07,,,,2026-06-07,2026-06-25T01:35:48
Pro Upgrade - Filing Status Viewed,pro_upgrade_filing_status_viewed,6dfb6b9f0034b4b4e8caf8c7fad46d362c21f1fb,1984,2026-06-07,,,,2026-06-07,2026-06-25T01:35:48
Pro Upgrade - Filing Status: Click already filed,pro_upgrade_filing_status_click_already_filed,6dfb6b9f0034b4b4e8caf8c7fad46d362c21f1fb,1984,2026-06-07,,,,2026-06-07,2026-06-25T01:35:48
Pro Upgrade - Filing Status: Click not yet filed,pro_upgrade_filing_status_click_not_yet_filed,6dfb6b9f0034b4b4e8caf8c7fad46d362c21f1fb,1984,2026-06-07,,,,2026-06-07,2026-06-25T01:35:48
Pro Upgrade - Guidance Viewed,pro_upgrade_guidance_viewed,7f6db6f25fc3e3277698af890bce5a7e3bd7de36,1986,2026-06-07,,,,2026-06-07,2026-06-25T01:35:48
Pro Upgrade - Guidance: Click let's go,pro_upgrade_guidance_click_lets_go,7f6db6f25fc3e3277698af890bce5a7e3bd7de36,1986,2026-06-07,,,,2026-06-07,2026-06-25T01:35:48
Pro Upgrade - Locked Item: Click,pro_upgrade_locked_item_click,54770c93280dd2e2b0febcaa23ac3d73028287f7,2001,2026-06-08,,,,2026-06-08,2026-06-25T01:35:48
Pro Upgrade - Modal: Click Button,pro_upgrade_modal_click_button,8b0426df16c5949c469f122beaaf70b859ba0d1f,,2025-03-10,,,,2025-03-10,2026-06-25T01:35:48
Pro Upgrade - Modal: Exit,pro_upgrade_modal_exit,8b0426df16c5949c469f122beaaf70b859ba0d1f,,2025-03-10,,,,2025-03-10,2026-06-25T01:35:48
Pro Upgrade - Modal: Modal Shown,pro_upgrade_modal_modal_shown,8b0426df16c5949c469f122beaaf70b859ba0d1f,,2025-03-10,,,,2025-03-10,2026-06-25T01:35:48
Pro Upgrade - PIN Entry Viewed,pro_upgrade_pin_entry_viewed,001203d930501b41ed0b51c7a3551620d2ede502,1939,2026-06-03,,,,2026-06-03,2026-06-25T01:35:48
Pro Upgrade - Payment Viewed,pro_upgrade_payment_viewed,c465ade2992cad108b60684aa48d84e57b125f6e,1990,2026-06-07,,,,2026-06-07,2026-06-25T01:35:48
Pro Upgrade - Service Agreement Page: Click back,pro_upgrade_service_agreement_page_click_back,1170c2777b41a1baf9f50650655aa705fdf7bbb3,,2025-02-26,,,,2025-02-26,2026-06-25T01:35:48
Pro Upgrade - Service Agreement Page: Click finish,pro_upgrade_service_agreement_page_click_finish,1170c2777b41a1baf9f50650655aa705fdf7bbb3,,2025-02-26,,,,2025-02-26,2026-06-25T01:35:48
Pro Upgrade - Splash Page: Click upgrade,pro_upgrade_splash_page_click_upgrade,8b0426df16c5949c469f122beaaf70b859ba0d1f,,2025-03-10,,,,2025-03-10,2026-06-25T01:35:48
Pro Upgrade - Splash Page: Exit,pro_upgrade_splash_page_exit,8b0426df16c5949c469f122beaaf70b859ba0d1f,,2025-03-10,,,,2025-03-10,2026-06-25T01:35:48
Pro Upgrade - Success Viewed,pro_upgrade_success_viewed,9a3d5e1de57e975a9a194e681e4f216a63c642d6,1992,2026-06-08,,,,2026-06-08,2026-06-25T01:35:48
Pro Upgrade - Success: Click continue,pro_upgrade_success_click_continue,9a3d5e1de57e975a9a194e681e4f216a63c642d6,1992,2026-06-08,,,,2026-06-08,2026-06-25T01:35:48
Pro Upgrade - Value Prop Viewed,pro_upgrade_value_prop_viewed,4d37796a8d006151b6b85118974c80afa5fd7320,1983,2026-06-06,,,,2026-06-06,2026-06-25T01:35:48
Pro Upgrade - Value Prop: Click Get Pro,pro_upgrade_value_prop_click_get_pro,4d37796a8d006151b6b85118974c80afa5fd7320,1983,2026-06-06,,,,2026-06-06,2026-06-25T01:35:48
Pro Upgrade - Value Prop: Click Maybe later,pro_upgrade_value_prop_click_maybe_later,4d37796a8d006151b6b85118974c80afa5fd7320,1983,2026-06-06,,,,2026-06-06,2026-06-25T01:35:48
Pro Upgrade: Click Go to Stripe,pro_upgrade_click_go_to_stripe,1170c2777b41a1baf9f50650655aa705fdf7bbb3,,2025-02-26,,,,2025-02-26,2026-06-25T01:35:48
Pro Upgrade: Click exit top nav,pro_upgrade_click_exit_top_nav,8b0426df16c5949c469f122beaaf70b859ba0d1f,,2025-03-10,,,,2025-03-10,2026-06-25T01:35:48
Pro Upgrade: Confirm office,pro_upgrade_confirm_office,8b0426df16c5949c469f122beaaf70b859ba0d1f,,2025-03-10,,,,2025-03-10,2026-06-25T01:35:48
Pro Upgrade: Edit office,pro_upgrade_edit_office,8b0426df16c5949c469f122beaaf70b859ba0d1f,,2025-03-10,,,,2025-03-10,2026-06-25T01:35:48
Pro Upgrade: Exit edit office,pro_upgrade_exit_edit_office,8b0426df16c5949c469f122beaaf70b859ba0d1f,,2025-03-10,,,,2025-03-10,2026-06-25T01:35:48
Pro Upgrade: Submit edit office,pro_upgrade_submit_edit_office,8b0426df16c5949c469f122beaaf70b859ba0d1f,,2025-03-10,,,,2025-03-10,2026-06-25T01:35:48
Pro user can not download voter file page,pro_user_can_not_download_voter_file_page,7d03f67f7ae53ade7b5894b5841fccbb35e16dcc,,2024-06-30,,,,2024-06-30,2026-06-25T01:35:48
Profile - Campaign Details: Click Save,profile_campaign_details_click_save,1170c2777b41a1baf9f50650655aa705fdf7bbb3,,2025-02-26,,,,2025-02-26,2026-06-25T01:35:48
Profile - Candidate Profile: Click Submit,profile_candidate_profile_click_submit,3a9eda2435a50c733d461fffb4c31cade6a4670f,1769,2026-04-29,,,,2026-04-29,2026-06-25T01:35:48
Profile - Candidate Profile: Submit Success,profile_candidate_profile_submit_success,3a9eda2435a50c733d461fffb4c31cade6a4670f,1769,2026-04-29,fd74078f7caa3d32df9f6d362ab5d18d10340452,1970,2026-06-05,2026-06-05,2026-06-25T01:35:48
Profile - Fun Fact: Click Save,profile_fun_fact_click_save,1170c2777b41a1baf9f50650655aa705fdf7bbb3,,2025-02-26,,,,2025-02-26,2026-06-25T01:35:48
Profile - Office Details: Click Edit,profile_office_details_click_edit,1170c2777b41a1baf9f50650655aa705fdf7bbb3,,2025-02-26,,,,2025-02-26,2026-06-25T01:35:48
Profile - Office Details: Click Save,profile_office_details_click_save,1170c2777b41a1baf9f50650655aa705fdf7bbb3,,2025-02-26,,,,2025-02-26,2026-06-25T01:35:48
Profile - Policy Priorities: Cancel Add,profile_policy_priorities_cancel_add,e2e5ed9386a69f3cfa83791cd0de5adce47f9413,1769,2026-04-29,,,,2026-04-29,2026-06-25T01:35:48
Profile - Policy Priorities: Cancel Edit,profile_policy_priorities_cancel_edit,3a9eda2435a50c733d461fffb4c31cade6a4670f,1769,2026-04-29,,,,2026-04-29,2026-06-25T01:35:48
Profile - Policy Priorities: Click Add,profile_policy_priorities_click_add,3a9eda2435a50c733d461fffb4c31cade6a4670f,1769,2026-04-29,,,,2026-04-29,2026-06-25T01:35:48
Profile - Policy Priorities: Click Delete,profile_policy_priorities_click_delete,3a9eda2435a50c733d461fffb4c31cade6a4670f,1769,2026-04-29,,,,2026-04-29,2026-06-25T01:35:48
Profile - Policy Priorities: Click Edit,profile_policy_priorities_click_edit,3a9eda2435a50c733d461fffb4c31cade6a4670f,1769,2026-04-29,,,,2026-04-29,2026-06-25T01:35:48
Profile - Policy Priorities: Click Save,profile_policy_priorities_click_save,e1371f746f1db7146bb55de165e8725613e3d6aa,1778,2026-04-30,,,,2026-04-30,2026-06-25T01:35:48
Profile - Policy Priorities: Submit Add,profile_policy_priorities_submit_add,3a9eda2435a50c733d461fffb4c31cade6a4670f,1769,2026-04-29,,,,2026-04-29,2026-06-25T01:35:48
Profile - Policy Priorities: Submit Delete,profile_policy_priorities_submit_delete,3a9eda2435a50c733d461fffb4c31cade6a4670f,1769,2026-04-29,,,,2026-04-29,2026-06-25T01:35:48
Profile - Policy Priorities: Submit Edit,profile_policy_priorities_submit_edit,3a9eda2435a50c733d461fffb4c31cade6a4670f,1769,2026-04-29,,,,2026-04-29,2026-06-25T01:35:48
Profile - Running Against: Cancel Add New,profile_running_against_cancel_add_new,1170c2777b41a1baf9f50650655aa705fdf7bbb3,,2025-02-26,,,,2025-02-26,2026-06-25T01:35:48
Profile - Running Against: Cancel Edit,profile_running_against_cancel_edit,1170c2777b41a1baf9f50650655aa705fdf7bbb3,,2025-02-26,,,,2025-02-26,2026-06-25T01:35:48
Profile - Running Against: Click Add New,profile_running_against_click_add_new,1170c2777b41a1baf9f50650655aa705fdf7bbb3,,2025-02-26,,,,2025-02-26,2026-06-25T01:35:48
Profile - Running Against: Click Delete,profile_running_against_click_delete,1170c2777b41a1baf9f50650655aa705fdf7bbb3,,2025-02-26,,,,2025-02-26,2026-06-25T01:35:48
Profile - Running Against: Click Edit,profile_running_against_click_edit,1170c2777b41a1baf9f50650655aa705fdf7bbb3,,2025-02-26,,,,2025-02-26,2026-06-25T01:35:48
Profile - Running Against: Click Save,profile_running_against_click_save,1170c2777b41a1baf9f50650655aa705fdf7bbb3,,2025-02-26,,,,2025-02-26,2026-06-25T01:35:48
Profile - Running Against: Submit Add New,profile_running_against_submit_add_new,1170c2777b41a1baf9f50650655aa705fdf7bbb3,,2025-02-26,,,,2025-02-26,2026-06-25T01:35:48
Profile - Running Against: Submit Edit,profile_running_against_submit_edit,1170c2777b41a1baf9f50650655aa705fdf7bbb3,,2025-02-26,,,,2025-02-26,2026-06-25T01:35:48
Profile - Top Issues: Cancel Delete,profile_top_issues_cancel_delete,1170c2777b41a1baf9f50650655aa705fdf7bbb3,,2025-02-26,,,,2025-02-26,2026-06-25T01:35:48
Profile - Top Issues: Cancel Edit,profile_top_issues_cancel_edit,1170c2777b41a1baf9f50650655aa705fdf7bbb3,,2025-02-26,,,,2025-02-26,2026-06-25T01:35:48
Profile - Top Issues: Click Delete,profile_top_issues_click_delete,1170c2777b41a1baf9f50650655aa705fdf7bbb3,,2025-02-26,,,,2025-02-26,2026-06-25T01:35:48
Profile - Top Issues: Click Edit,profile_top_issues_click_edit,1170c2777b41a1baf9f50650655aa705fdf7bbb3,,2025-02-26,,,,2025-02-26,2026-06-25T01:35:48
Profile - Top Issues: Click Finish Entering Issues,profile_top_issues_click_finish_entering_issues,1170c2777b41a1baf9f50650655aa705fdf7bbb3,,2025-02-26,,,,2025-02-26,2026-06-25T01:35:48
Profile - Top Issues: Submit Delete,profile_top_issues_submit_delete,1170c2777b41a1baf9f50650655aa705fdf7bbb3,,2025-02-26,,,,2025-02-26,2026-06-25T01:35:48
Profile - Top Issues: Submit Edit,profile_top_issues_submit_edit,1170c2777b41a1baf9f50650655aa705fdf7bbb3,,2025-02-26,,,,2025-02-26,2026-06-25T01:35:48
Profile - Why Running: Click Save,profile_why_running_click_save,e1371f746f1db7146bb55de165e8725613e3d6aa,1778,2026-04-30,,,,2026-04-30,2026-06-25T01:35:48
Profile - Why Section: Click Save,profile_why_section_click_save,1170c2777b41a1baf9f50650655aa705fdf7bbb3,,2025-02-26,,,,2025-02-26,2026-06-25T01:35:48
Resources - Resource Clicked,resources_resource_clicked,4e16c164e0a629ba6c5ea08b302c880de1df2b5c,1040,2025-10-14,3f6a11a2d717831603f3640b481d6ce9ca6c6698,1459,2026-02-23,2026-02-23,2026-06-25T01:35:48
Schedule Text Campaign - Audience: Check Age,schedule_text_campaign_audience_check_age,1170c2777b41a1baf9f50650655aa705fdf7bbb3,,2025-02-26,,,,2025-02-26,2026-06-25T01:35:48
Schedule Text Campaign - Audience: Check Audience,schedule_text_campaign_audience_check_audience,1170c2777b41a1baf9f50650655aa705fdf7bbb3,,2025-02-26,,,,2025-02-26,2026-06-25T01:35:48
Schedule Text Campaign - Audience: Check Gender,schedule_text_campaign_audience_check_gender,1170c2777b41a1baf9f50650655aa705fdf7bbb3,,2025-02-26,,,,2025-02-26,2026-06-25T01:35:48
Schedule Text Campaign - Audience: Check Political Party,schedule_text_campaign_audience_check_political_party,1170c2777b41a1baf9f50650655aa705fdf7bbb3,,2025-02-26,,,,2025-02-26,2026-06-25T01:35:48
Schedule Text Campaign - Audience: Enter Audience Request,schedule_text_campaign_audience_enter_audience_request,1170c2777b41a1baf9f50650655aa705fdf7bbb3,,2025-02-26,,,,2025-02-26,2026-06-25T01:35:48
Schedule Text Campaign - Script: Click Add your own script,schedule_text_campaign_script_click_add_your_own_script,1170c2777b41a1baf9f50650655aa705fdf7bbb3,,2025-02-26,,,,2025-02-26,2026-06-25T01:35:48
Schedule Text Campaign - Script: Click Generate a new script,schedule_text_campaign_script_click_generate_a_new_script,1170c2777b41a1baf9f50650655aa705fdf7bbb3,,2025-02-26,,,,2025-02-26,2026-06-25T01:35:48
Schedule Text Campaign - Script: Click Use a saved script,schedule_text_campaign_script_click_use_a_saved_script,1170c2777b41a1baf9f50650655aa705fdf7bbb3,,2025-02-26,,,,2025-02-26,2026-06-25T01:35:48
Schedule Text Campaign - Script: Select Saved Script,schedule_text_campaign_script_select_saved_script,1170c2777b41a1baf9f50650655aa705fdf7bbb3,,2025-02-26,,,,2025-02-26,2026-06-25T01:35:48
Schedule Text Campaign - Script: Submit added script,schedule_text_campaign_script_submit_added_script,1170c2777b41a1baf9f50650655aa705fdf7bbb3,,2025-02-26,,,,2025-02-26,2026-06-25T01:35:48
Schedule Text Campaign: Back,schedule_text_campaign_back,1170c2777b41a1baf9f50650655aa705fdf7bbb3,,2025-02-26,,,,2025-02-26,2026-06-25T01:35:48
Schedule Text Campaign: Exit,schedule_text_campaign_exit,1170c2777b41a1baf9f50650655aa705fdf7bbb3,,2025-02-26,,,,2025-02-26,2026-06-25T01:35:48
Schedule Text Campaign: Next,schedule_text_campaign_next,1170c2777b41a1baf9f50650655aa705fdf7bbb3,,2025-02-26,,,,2025-02-26,2026-06-25T01:35:48
Schedule Text Campaign: Submit,schedule_text_campaign_submit,1170c2777b41a1baf9f50650655aa705fdf7bbb3,,2025-02-26,,,,2025-02-26,2026-06-25T01:35:48
Scroll Depth,scroll_depth,,,,,,,,2026-06-25T01:35:48
Segment Consent Preference Updated,segment_consent_preference_updated,,,,,,,,2026-06-25T01:35:48
Serve Onboarding - Add Image Viewed,serve_onboarding_add_image_viewed,3f61c919fcb19db7270362a4767ab98ed1a10a88,1022,2025-10-09,,,,2025-10-09,2026-06-25T01:35:48
Serve Onboarding - BR Suggestion Changed,serve_onboarding_br_suggestion_changed,4cc1cb142febe9084e5dde6771d6bdbd29f25e46,198,2026-06-18,,,,2026-06-18,2026-06-25T01:35:48
Serve Onboarding - Constituency Profile Viewed,serve_onboarding_constituency_profile_viewed,3f61c919fcb19db7270362a4767ab98ed1a10a88,1022,2025-10-09,,,,2025-10-09,2026-06-25T01:35:48
Serve Onboarding - Getting Started Viewed,serve_onboarding_getting_started_viewed,3f61c919fcb19db7270362a4767ab98ed1a10a88,1022,2025-10-09,,,,2025-10-09,2026-06-25T01:35:48
Serve Onboarding - Magic Link Activated,serve_onboarding_magic_link_activated,4cc1cb142febe9084e5dde6771d6bdbd29f25e46,198,2026-06-18,b2f1f6c21a0949156b851cf80326878d990a5950,323,2026-06-24,2026-06-24,2026-06-25T01:35:48
Serve Onboarding - Magic Link Sent,serve_onboarding_magic_link_sent,4cc1cb142febe9084e5dde6771d6bdbd29f25e46,198,2026-06-18,b2f1f6c21a0949156b851cf80326878d990a5950,323,2026-06-24,2026-06-24,2026-06-25T01:35:48
Serve Onboarding - Meet Your Constituents Viewed,serve_onboarding_meet_your_constituents_viewed,3f61c919fcb19db7270362a4767ab98ed1a10a88,1022,2025-10-09,,,,2025-10-09,2026-06-25T01:35:48
Serve Onboarding - Net New Completed,serve_onboarding_net_new_completed,4cc1cb142febe9084e5dde6771d6bdbd29f25e46,198,2026-06-18,,,,2026-06-18,2026-06-25T01:35:48
Serve Onboarding - Poll Image Uploaded,serve_onboarding_poll_image_uploaded,3f61c919fcb19db7270362a4767ab98ed1a10a88,1022,2025-10-09,,,,2025-10-09,2026-06-25T01:35:48
Serve Onboarding - Poll Preview Viewed,serve_onboarding_poll_preview_viewed,3f61c919fcb19db7270362a4767ab98ed1a10a88,1022,2025-10-09,,,,2025-10-09,2026-06-25T01:35:48
Serve Onboarding - Poll Strategy Viewed,serve_onboarding_poll_strategy_viewed,3f61c919fcb19db7270362a4767ab98ed1a10a88,1022,2025-10-09,,,,2025-10-09,2026-06-25T01:35:48
Serve Onboarding - Poll Value Props Viewed,serve_onboarding_poll_value_props_viewed,3f61c919fcb19db7270362a4767ab98ed1a10a88,1022,2025-10-09,,,,2025-10-09,2026-06-25T01:35:48
Serve Onboarding - SMS Poll Creation Failed,serve_onboarding_sms_poll_creation_failed,4537360b9cd5f5071c5b1f99364e310e0b225620,1374,2026-02-04,,,,2026-02-04,2026-06-25T01:35:48
Serve Onboarding - SMS Poll Sent,serve_onboarding_sms_poll_sent,3f61c919fcb19db7270362a4767ab98ed1a10a88,1022,2025-10-09,,,,2025-10-09,2026-06-25T01:35:48
Serve Onboarding - Success Page Viewed,serve_onboarding_success_page_viewed,33f319823719eb25aef1fe2812184a61b23a41f6,1098,2025-10-29,,,,2025-10-29,2026-06-25T01:35:48
Serve Onboarding - Sworn In Completed,serve_onboarding_sworn_in_completed,20a7ac0f8561471fa493aab7be2b3a8cd0c014de,1103,2025-10-30,,,,2025-10-30,2026-06-25T01:35:48
Serve Onboarding - Sworn In Viewed,serve_onboarding_sworn_in_viewed,33f319823719eb25aef1fe2812184a61b23a41f6,1098,2025-10-29,,,,2025-10-29,2026-06-25T01:35:48
Set Password: Click Set Password,set_password_click_set_password,aeb23786b697e849c6684f4fc08acb0964fae1fe,513,2025-03-06,,,,2025-03-06,2026-06-25T01:35:48
Settings - Account Settings: Click Manage Pro Subscription,settings_account_settings_click_manage_pro_subscription,1170c2777b41a1baf9f50650655aa705fdf7bbb3,,2025-02-26,,,,2025-02-26,2026-06-25T01:35:48
Settings - Account Settings: Click Send Email,settings_account_settings_click_send_email,1170c2777b41a1baf9f50650655aa705fdf7bbb3,,2025-02-26,,,,2025-02-26,2026-06-25T01:35:48
Settings - Account Settings: Click Upgrade,settings_account_settings_click_upgrade,1170c2777b41a1baf9f50650655aa705fdf7bbb3,,2025-02-26,,,,2025-02-26,2026-06-25T01:35:48
Settings - Delete Account: Cancel Delete,settings_delete_account_cancel_delete,1170c2777b41a1baf9f50650655aa705fdf7bbb3,,2025-02-26,,,,2025-02-26,2026-06-25T01:35:48
Settings - Delete Account: Click Delete,settings_delete_account_click_delete,1170c2777b41a1baf9f50650655aa705fdf7bbb3,,2025-02-26,,,,2025-02-26,2026-06-25T01:35:48
Settings - Delete Account: Submit Delete,settings_delete_account_submit_delete,1170c2777b41a1baf9f50650655aa705fdf7bbb3,,2025-02-26,,,,2025-02-26,2026-06-25T01:35:48
Settings - Notifications: Toggle Email,settings_notifications_toggle_email,1170c2777b41a1baf9f50650655aa705fdf7bbb3,,2025-02-26,,,,2025-02-26,2026-06-25T01:35:48
Settings - Password: Click Save,settings_password_click_save,1170c2777b41a1baf9f50650655aa705fdf7bbb3,,2025-02-26,,,,2025-02-26,2026-06-25T01:35:48
Settings - Personal Info: Click Save,settings_personal_info_click_save,1170c2777b41a1baf9f50650655aa705fdf7bbb3,,2025-02-26,,,,2025-02-26,2026-06-25T01:35:48
Settings - Personal Info: Click Upload,settings_personal_info_click_upload,1170c2777b41a1baf9f50650655aa705fdf7bbb3,,2025-02-26,,,,2025-02-26,2026-06-25T01:35:48
Sign In: Click Create Account,sign_in_click_create_account,1170c2777b41a1baf9f50650655aa705fdf7bbb3,,2025-02-26,,,,2025-02-26,2026-06-25T01:35:48
Sign In: Click Forgot Password,sign_in_click_forgot_password,1170c2777b41a1baf9f50650655aa705fdf7bbb3,,2025-02-26,,,,2025-02-26,2026-06-25T01:35:48
Sign Up Clicked,sign_up_clicked,,,,,,,,2026-06-25T01:35:48
Sign Up: Click Login,sign_up_click_login,1170c2777b41a1baf9f50650655aa705fdf7bbb3,,2025-02-26,,,,2025-02-26,2026-06-25T01:35:48
Viewed,viewed,,,,,,,,2026-06-25T01:35:48
Viewed /elections/ak/tanana-city-school-district,viewed_elections_ak_tanana_city_school_district,,,,,,,,2026-06-25T01:35:48
Viewed /elections/chippewa-county-clerk/145f1d,viewed_elections_chippewa_county_clerk_145f1d,,,,,,,,2026-06-25T01:35:48
Viewed /elections/ia/red-oak-community-school-district,viewed_elections_ia_red_oak_community_school_district,,,,,,,,2026-06-25T01:35:48
Viewed /elections/mi/monroe-county/monroe/position/city-clerk-ward-officer,viewed_elections_mi_monroe_county_monroe_position_city_clerk_ward_officer,,,,,,,,2026-06-25T01:35:48
Viewed /elections/nv/elko/point-of-rocks,viewed_elections_nv_elko_point_of_rocks,,,,,,,,2026-06-25T01:35:48
Viewed /elections/pa,viewed_elections_pa,,,,,,,,2026-06-25T01:35:48
Viewed /elections/tx/borger-independent-school-district,viewed_elections_tx_borger_independent_school_district,,,,,,,,2026-06-25T01:35:48
Viewed /elections/tx/gray/hoover,viewed_elections_tx_gray_hoover,,,,,,,,2026-06-25T01:35:48
Viewed /elections/tx/saint-jo-independent-school-district,viewed_elections_tx_saint_jo_independent_school_district,,,,,,,,2026-06-25T01:35:48
Viewed /elections/va/wise/dixiana,viewed_elections_va_wise_dixiana,,,,,,,,2026-06-25T01:35:48
Voter Data - Custom Voter File - Audience: Click Back,voter_data_custom_voter_file_audience_click_back,1170c2777b41a1baf9f50650655aa705fdf7bbb3,,2025-02-26,,,,2025-02-26,2026-06-25T01:35:48
Voter Data - Custom Voter File: Click Create,voter_data_custom_voter_file_click_create,1170c2777b41a1baf9f50650655aa705fdf7bbb3,,2025-02-26,,,,2025-02-26,2026-06-25T01:35:48
Voter Data - Custom Voter File: Click Next,voter_data_custom_voter_file_click_next,1170c2777b41a1baf9f50650655aa705fdf7bbb3,,2025-02-26,,,,2025-02-26,2026-06-25T01:35:48
Voter Data - Custom Voter File: Exit modal,voter_data_custom_voter_file_exit_modal,1170c2777b41a1baf9f50650655aa705fdf7bbb3,,2025-02-26,,,,2025-02-26,2026-06-25T01:35:48
Voter Data - Custom Voter File: Select Channel,voter_data_custom_voter_file_select_channel,1170c2777b41a1baf9f50650655aa705fdf7bbb3,,2025-02-26,,,,2025-02-26,2026-06-25T01:35:48
Voter Data - Custom Voter File: Select Purpose,voter_data_custom_voter_file_select_purpose,1170c2777b41a1baf9f50650655aa705fdf7bbb3,,2025-02-26,,,,2025-02-26,2026-06-25T01:35:48
Voter Data - File Detail - Learn & Take Action: Click Read More,voter_data_file_detail_learn_take_action_click_read_more,1170c2777b41a1baf9f50650655aa705fdf7bbb3,,2025-02-26,,,,2025-02-26,2026-06-25T01:35:48
Voter Data - File Detail - Learn & Take Action: Click Schedule,voter_data_file_detail_learn_take_action_click_schedule,1170c2777b41a1baf9f50650655aa705fdf7bbb3,,2025-02-26,,,,2025-02-26,2026-06-25T01:35:48
Voter Data - File Detail - Learn & Take Action: Click Write Script,voter_data_file_detail_learn_take_action_click_write_script,1170c2777b41a1baf9f50650655aa705fdf7bbb3,,2025-02-26,,,,2025-02-26,2026-06-25T01:35:48
Voter Data - File Detail - Recommended Partners: Click Read More,voter_data_file_detail_recommended_partners_click_read_more,1170c2777b41a1baf9f50650655aa705fdf7bbb3,,2025-02-26,,,,2025-02-26,2026-06-25T01:35:48
Voter Data - File Detail: Click Back,voter_data_file_detail_click_back,1170c2777b41a1baf9f50650655aa705fdf7bbb3,,2025-02-26,,,,2025-02-26,2026-06-25T01:35:48
Voter Data - File Detail: Click Custom File Info Icon,voter_data_file_detail_click_custom_file_info_icon,1170c2777b41a1baf9f50650655aa705fdf7bbb3,,2025-02-26,,,,2025-02-26,2026-06-25T01:35:48
Voter Data - File Detail: Click Download CSV,voter_data_file_detail_click_download_csv,1170c2777b41a1baf9f50650655aa705fdf7bbb3,,2025-02-26,,,,2025-02-26,2026-06-25T01:35:48
Voter Data - File Detail: Click View Audience Filters,voter_data_file_detail_click_view_audience_filters,1170c2777b41a1baf9f50650655aa705fdf7bbb3,,2025-02-26,,,,2025-02-26,2026-06-25T01:35:48
Voter Data - Need Help: Exit modal,voter_data_need_help_exit_modal,1170c2777b41a1baf9f50650655aa705fdf7bbb3,,2025-02-26,,,,2025-02-26,2026-06-25T01:35:48
Voter Data - Need Help: Select Voter File type,voter_data_need_help_select_voter_file_type,1170c2777b41a1baf9f50650655aa705fdf7bbb3,,2025-02-26,,,,2025-02-26,2026-06-25T01:35:48
Voter Data - Need Help: Submit,voter_data_need_help_submit,1170c2777b41a1baf9f50650655aa705fdf7bbb3,,2025-02-26,,,,2025-02-26,2026-06-25T01:35:48
Voter Data: Click Create Custom Voter File,voter_data_click_create_custom_voter_file,1170c2777b41a1baf9f50650655aa705fdf7bbb3,,2025-02-26,,,,2025-02-26,2026-06-25T01:35:48
Voter Data: Click Detail View,voter_data_click_detail_view,1170c2777b41a1baf9f50650655aa705fdf7bbb3,,2025-02-26,,,,2025-02-26,2026-06-25T01:35:48
Voter Data: Click Need Help,voter_data_click_need_help,1170c2777b41a1baf9f50650655aa705fdf7bbb3,,2025-02-26,,,,2025-02-26,2026-06-25T01:35:48
Voter Outreach - 10DLC Compliance Completed,voter_outreach_10dlc_compliance_completed,a52bc1af5ee58f5b2492165ff4d973a76cf4db8b,457,2025-08-19,,,,2025-08-19,2026-06-25T01:35:48
Voter Outreach - 10DLC Compliance Form Submitted,voter_outreach_10dlc_compliance_form_submitted,8434d128fc9812dcdde58effacd26458fccd95cc,894,2025-08-20,,,,2026-03-09,2026-06-25T01:35:48
Voter Outreach - 10DLC Compliance Modal Viewed,voter_outreach_10dlc_compliance_modal_viewed,3f45b71a832475c190658d02e61151e16b0c6e65,1497,2026-03-03,,,,2026-03-03,2026-06-25T01:35:48
Voter Outreach - 10DLC Compliance PIN Submitted,voter_outreach_10dlc_compliance_pin_submitted,8434d128fc9812dcdde58effacd26458fccd95cc,894,2025-08-20,,,,2026-03-09,2026-06-25T01:35:48
Voter Outreach - 10DLC Compliance Started,voter_outreach_10dlc_compliance_started,2b9f22689ccc9e29678a4482de65a62db2e1d322,946,2025-09-09,,,,2025-09-09,2026-06-25T01:35:48
Voter Outreach - Campaign Completed,voter_outreach_campaign_completed,703131cfff639170bd836b12c6d00c13e1fc1432,708,2025-06-18,,,,2025-06-18,2026-06-25T01:35:48
Voter Outreach - Free Texts Offer Redeemed,voter_outreach_free_texts_offer_redeemed,aa90af3d789823511f82e9d81dee84417a82b0c2,520,2025-09-08,,,,2025-09-08,2026-06-25T01:35:48
Voter Outreach - Payment Started,voter_outreach_payment_started,2b9f22689ccc9e29678a4482de65a62db2e1d322,946,2025-09-09,,,,2025-09-09,2026-06-25T01:35:48
[AI Visibility] Brand Snapshot,ai_visibility_brand_snapshot,,,,,,,,2026-06-25T01:35:48
[Amplitude] Dead Click,amplitude_dead_click,,,,,,,,2026-06-25T01:35:48
[Amplitude] Element Changed,amplitude_element_changed,,,,,,,,2026-06-25T01:35:48
[Amplitude] Element Clicked,amplitude_element_clicked,,,,,,,,2026-06-25T01:35:48
[Amplitude] File Downloaded,amplitude_file_downloaded,,,,,,,,2026-06-25T01:35:48
[Amplitude] Form Started,amplitude_form_started,,,,,,,,2026-06-25T01:35:48
[Amplitude] Form Submitted,amplitude_form_submitted,,,,,,,,2026-06-25T01:35:48
[Amplitude] Network Request,amplitude_network_request,,,,,,,,2026-06-25T01:35:48
[Amplitude] Page Viewed,amplitude_page_viewed,,,,,,,,2026-06-25T01:35:48
[Amplitude] Rage Click,amplitude_rage_click,,,,,,,,2026-06-25T01:35:48
[Amplitude] Replay Captured,amplitude_replay_captured,,,,,,,,2026-06-25T01:35:48
[Amplitude] Viewport Content Updated,amplitude_viewport_content_updated,,,,,,,,2026-06-25T01:35:48
[Amplitude] Web Vitals,amplitude_web_vitals,,,,,,,,2026-06-25T01:35:48
[Experiment] Assignment,experiment_assignment,,,,,,,,2026-06-25T01:35:48
[Experiment] Exposure,experiment_exposure,,,,,,,,2026-06-25T01:35:48
[Experiment] Impression,experiment_impression,,,,,,,,2026-06-25T01:35:48
ai_content_generation_start,ai_content_generation_start,a295f87f437a729b81c86adc2dc789ad9f1e3d18,316,2024-10-18,,,,2024-10-18,2026-06-25T01:35:48
campaign_assistant_chatbot_input,campaign_assistant_chatbot_input,505dda0aafa691533330bcc405dd3d1bc796335d,315,2024-10-18,,,,2024-10-18,2026-06-25T01:35:48
candidate CTA cancelled,candidate_cta_cancelled,5a9f8ed2d3b00f846e0d28fbb264d38e930d31f7,,2024-06-10,ce8a2d7cb62e2543a880af29fcaba66486e159c7,862,2025-08-13,2025-08-13,2026-06-25T01:35:48
candidate CTA clicked,candidate_cta_clicked,c0a574c0e56c270af68bf4cf82729bc30f967bf0,,2024-06-08,ce8a2d7cb62e2543a880af29fcaba66486e159c7,862,2025-08-13,2025-08-13,2026-06-25T01:35:48
candidate CTA selected,candidate_cta_selected,5a9f8ed2d3b00f846e0d28fbb264d38e930d31f7,,2024-06-10,ce8a2d7cb62e2543a880af29fcaba66486e159c7,862,2025-08-13,2025-08-13,2026-06-25T01:35:48
gtm.dom,gtm_dom,,,,,,,,2026-06-25T01:35:48
gtm.init,gtm_init,,,,,,,,2026-06-25T01:35:48
gtm.init_consent,gtm_init_consent,,,,,,,,2026-06-25T01:35:48
gtm.js,gtm_js,,,,,,,,2026-06-25T01:35:48
likelihood-to-cancel,likelihood_to_cancel,,,,,,,,2026-06-25T01:35:48
onboarding_complete,onboarding_complete,650f61b4990c565bb4dff96419754e338ab088c2,,2024-08-26,85954771b6d545e35af77bf5ca3ae86e9cbdb80d,1790,2026-05-05,2026-05-05,2026-06-25T01:35:48
page,page,25e499d086229c3ef5ed89d240d3432a608c9a01,,2025-03-23,,,,2026-02-08,2026-06-25T01:35:48
page viewed,page_viewed,,,,,,,,2026-06-25T01:35:48
page_view,page_view,,,,,,,,2026-06-25T01:35:48
pro_upgrade_complete,pro_upgrade_complete,650f61b4990c565bb4dff96419754e338ab088c2,,2024-08-26,,,,2026-05-08,2026-06-25T01:35:48
question_complete,question_complete,650f61b4990c565bb4dff96419754e338ab088c2,,2024-08-26,,,,2025-12-17,2026-06-25T01:35:48
schedule_campaign_image_too_large,schedule_campaign_image_too_large,4bed7aad64c8a8212e618db564bcb28ad2b9be5e,338,2024-10-30,,,,2024-10-30,2026-06-25T01:35:48
screen,screen,,,,,,,,2026-06-25T01:35:48
session_end,session_end,,,,,,,,2026-06-25T01:35:48
session_start,session_start,,,,,,,,2026-06-25T01:35:48
usersnap_submission,usersnap_submission,634a1c354de73cca6e6a0393dbdd0ac6dc3c7ae2,293,2024-10-04,e256bd33a54df1a412dcbe055be41d284f5ce195,1495,2026-03-02,2026-03-02,2026-06-25T01:35:48
